"id","relationship_type_id","person1_id","person2_id"
4386,1,23,2346
4387,1,2264,2346
4388,1,2265,2547
4389,1,2545,2547
4390,1,2546,2547
4394,1,2547,2610
4395,1,2548,2557
4396,1,2548,2599
4397,1,2548,2866
4398,1,2270,2565
4399,1,2271,2565
4400,1,2271,2301
4401,1,2271,2640
4402,1,2271,2764
4403,1,2271,2770
4404,1,2271,2863
4405,1,2271,2505
4406,1,2271,2875
4408,1,2552,2555
4409,1,2552,2579
4410,1,2552,2771
4413,1,2273,2705
4414,1,2273,2747
4415,1,2273,2748
4416,1,2273,2816
4417,1,2273,2849
4418,1,2273,2850
4422,1,2553,2607
4424,1,2553,2675
4425,1,2553,2678
4427,1,2553,2679
4428,1,2553,2680
4432,1,2553,2721
4433,1,2553,2722
4436,1,2277,2569
4437,1,2277,2608
4438,1,2277,2771
4439,1,2277,2494
4442,1,2554,2557
4444,1,2554,2607
4446,1,2554,2633
4447,1,2554,2659
4450,1,2554,2675
4451,1,2554,2677
4452,1,2554,2678
4454,1,2554,2679
4455,1,2554,2680
4457,1,2554,2721
4458,1,2554,2722
4459,1,2554,2765
4460,1,2554,2766
4461,1,2554,2767
4462,1,2554,2771
4465,1,2554,2794
4468,1,80,2264
4469,1,80,2557
4470,1,80,249
4471,1,80,2592
4472,1,80,2300
4473,1,80,2340
4474,1,80,731
4475,1,80,2659
4476,1,80,2351
4477,1,80,2399
4478,1,80,2762
4479,1,80,2763
4480,1,80,2764
4481,1,80,2765
4482,1,80,2766
4483,1,80,2767
4484,1,80,2768
4485,1,80,2769
4486,1,80,2770
4487,1,80,2771
4488,1,80,2427
4489,1,80,2793
4490,1,80,2794
4491,1,80,2796
4492,1,80,2797
4493,1,80,2459
4494,1,80,2460
4495,1,80,2503
4496,1,80,2876
4501,1,2555,2557
4502,1,2555,2587
4504,1,2555,2659
4506,1,2555,2762
4507,1,2555,2763
4508,1,2555,2764
4509,1,2555,2765
4510,1,2555,2766
4511,1,2555,2767
4512,1,2555,2768
4513,1,2555,2769
4514,1,2555,2770
4515,1,2555,2771
4518,1,2555,2793
4519,1,2555,2794
4522,1,2555,2874
4523,1,81,2554
4525,1,81,2555
4526,1,81,2558
4527,1,81,2563
4528,1,81,523
4529,1,81,2686
4530,1,81,2699
4531,1,81,2399
4532,1,81,2427
4533,1,81,2433
4534,1,81,2854
4540,1,2557,2587
4542,1,2557,2662
4544,1,2557,2699
4547,1,2557,2874
4552,1,2558,2563
4553,1,2558,2587
4554,1,2558,2633
4557,1,2558,2659
4559,1,2558,2719
4560,1,2558,2720
4561,1,2558,2762
4562,1,2558,2763
4563,1,2558,2764
4564,1,2558,2765
4565,1,2558,2766
4566,1,2558,2767
4567,1,2558,2768
4568,1,2558,2769
4569,1,2558,2770
4570,1,2558,2771
4571,1,2558,2771
4573,1,2558,2785
4575,1,2558,2793
4576,1,2558,2794
4578,1,2280,2557
4579,1,2559,2781
4581,1,2561,2683
4583,1,2562,2785
4584,1,2518,2579
4586,1,2518,2607
4588,1,2518,2662
4592,1,2518,2680
4593,1,2518,2685
4594,1,2518,2686
4595,1,2518,2687
4599,1,2518,2721
4600,1,2518,2722
4603,1,2563,2587
4604,1,2563,2633
4607,1,2563,2659
4609,1,2563,2686
4610,1,2563,2719
4611,1,2563,2720
4612,1,2563,2763
4613,1,2563,2763
4614,1,2563,2764
4615,1,2563,2765
4616,1,2563,2766
4617,1,2563,2767
4618,1,2563,2768
4619,1,2563,2769
4620,1,2563,2770
4621,1,2563,2771
4623,1,2563,2785
4624,1,2563,2794
4626,1,2563,2854
4627,1,2563,2874
4636,1,2565,2675
4638,1,2565,2679
4639,1,2565,2680
4641,1,2565,2721
4642,1,2565,2722
4643,1,2285,2580
4644,1,2285,2595
4646,1,2285,2607
4647,1,2285,2309
4648,1,2285,2662
4649,1,2285,2344
4650,1,2285,2346
4651,1,2285,2514
4653,1,2285,2679
4654,1,2285,2680
4655,1,2285,2685
4656,1,2285,2686
4657,1,2285,2687
4658,1,2285,2371
4659,1,2285,2372
4660,1,2285,2380
4661,1,2285,2721
4662,1,2285,2722
4664,1,2574,2765
4668,1,2575,2594
4669,1,2575,2631
4670,1,2575,2632
4671,1,2575,2643
4672,1,2575,2646
4673,1,2575,2656
4675,1,2575,2657
4677,1,2575,2658
4680,1,2575,2677
4682,1,2575,2724
4683,1,2575,2729
4684,1,2575,2732
4685,1,2575,2762
4686,1,2575,2763
4687,1,2575,2764
4688,1,2575,2765
4689,1,2575,2766
4690,1,2575,2768
4691,1,2575,2769
4692,1,2575,2829
4697,1,2578,2683
4699,1,2578,2761
4700,1,2289,2607
4701,1,2289,2309
4702,1,2289,2677
4703,1,2289,2679
4704,1,2289,2680
4705,1,2289,2371
4706,1,2289,2378
4707,1,2290,2607
4708,1,2290,2309
4709,1,2290,2677
4710,1,2290,2679
4711,1,2290,2680
4712,1,2290,2371
4713,1,2290,2372
4714,1,2291,2607
4715,1,2291,2309
4716,1,2291,2677
4717,1,2291,2679
4718,1,2291,2680
4719,1,2291,2371
4720,1,2291,2372
4721,1,2523,2607
4723,1,2523,2677
4724,1,2523,2679
4725,1,2523,2680
4730,1,2579,2580
4731,1,2579,2620
4734,1,2579,2658
4736,1,2579,2659
4737,1,2579,2660
4738,1,2579,2661
4739,1,2579,2662
4742,1,2579,2718
4744,1,2579,2769
4746,1,2579,2846
4747,1,2579,2849
4752,1,2580,2607
4754,1,2580,2662
4757,1,2580,2677
4759,1,2580,2679
4760,1,2580,2680
4761,1,2580,2685
4762,1,2580,2686
4763,1,2580,2687
4767,1,2580,2718
4768,1,2580,2721
4769,1,2580,2722
4772,1,2294,2631
4773,1,2294,2632
4774,1,2294,2724
4775,1,2582,2631
4776,1,2582,2632
4777,1,2582,2724
4779,1,2583,2587
4781,1,2583,2640
4782,1,2583,2664
4784,1,2583,2724
4786,1,2583,2764
4787,1,2583,2766
4788,1,2295,2580
4789,1,2295,2595
4791,1,2295,2607
4792,1,2295,2309
4793,1,2295,2662
4794,1,2295,2344
4796,1,2295,2679
4797,1,2295,2680
4798,1,2295,2685
4799,1,2295,2686
4800,1,2295,2687
4801,1,2295,2371
4802,1,2295,2372
4803,1,2295,2380
4804,1,2295,2721
4805,1,2295,2722
4806,1,2296,2575
4808,1,2296,2607
4809,1,2296,2309
4810,1,2296,2647
4811,1,2296,2344
4812,1,2296,2346
4813,1,2296,2679
4814,1,2296,2680
4815,1,2296,2371
4816,1,2296,2372
4817,1,2296,2380
4818,1,2296,2721
4819,1,2296,2722
4820,1,2296,2771
4829,1,2587,2596
4830,1,2587,2737
4831,1,2587,2738
4832,1,2587,2739
4833,1,2299,2587
4835,1,2591,2794
4836,1,2591,2850
4838,1,249,2555
4840,1,2592,2684
4841,1,2592,2796
4842,1,2592,2797
4844,1,2592,2837
4846,1,2300,2709
4847,1,2300,2442
4849,1,2301,2575
4850,1,2301,2583
4852,1,2301,2607
4853,1,2301,2309
4854,1,2301,2526
4855,1,2301,2527
4856,1,2301,2528
4857,1,2301,2529
4860,1,2301,2658
4861,1,2301,2342
4862,1,2301,2351
4864,1,2301,2353
4865,1,2301,2675
4867,1,2301,2721
4868,1,2301,2722
4869,1,2301,2732
4870,1,2301,2762
4871,1,2301,2763
4872,1,2301,2764
4873,1,2301,2765
4874,1,2301,2766
4875,1,2301,2768
4876,1,2301,2769
4877,1,2301,2542
4878,1,2301,2875
4881,1,2593,2607
4883,1,2593,2625
4890,1,2593,2658
4895,1,2593,2675
4897,1,2593,2721
4898,1,2593,2722
4899,1,2593,2732
4900,1,2593,2762
4901,1,2593,2763
4902,1,2593,2764
4903,1,2593,2765
4904,1,2593,2766
4905,1,2593,2768
4906,1,2593,2769
4908,1,2593,2875
4910,1,2302,2575
4911,1,2302,2594
4912,1,2302,2629
4915,1,2302,2658
4916,1,2302,2342
4917,1,2302,2535
4918,1,2302,2724
4920,1,2302,2732
4921,1,2302,2769
4922,1,2302,2542
4926,1,2594,2607
4928,1,2594,2625
4935,1,2594,2658
4940,1,2594,2675
4942,1,2594,2721
4943,1,2594,2722
4944,1,2594,2732
4945,1,2594,2762
4946,1,2594,2763
4947,1,2594,2764
4948,1,2594,2765
4949,1,2594,2766
4950,1,2594,2768
4951,1,2594,2769
4953,1,2594,2875
4958,1,2599,2864
4959,1,2599,2877
4962,1,2303,2600
4963,1,2601,2826
4968,1,2604,2615
4969,1,2604,2673
4971,1,2604,2760
4973,1,2604,2837
4974,1,322,2553
4975,1,322,2554
4976,1,322,2518
4977,1,322,2565
4978,1,322,2285
4979,1,322,2580
4980,1,322,2295
4981,1,322,2296
4982,1,322,2301
4983,1,322,2593
4984,1,322,2594
4985,1,322,731
4986,1,322,2344
4987,1,322,2675
4988,1,322,2685
4989,1,322,2686
4990,1,322,2687
4991,1,322,2699
4992,1,322,2762
4993,1,322,2763
4994,1,322,2764
4995,1,322,2768
4996,1,322,2769
5014,1,2607,2675
5015,1,2607,2685
5016,1,2607,2686
5017,1,2607,2687
5018,1,2607,2699
5019,1,2607,2762
5020,1,2607,2763
5021,1,2607,2764
5022,1,2607,2768
5023,1,2607,2769
5024,1,2309,2553
5025,1,2309,2554
5026,1,2309,2518
5027,1,2309,2565
5032,1,2309,2523
5033,1,2309,2580
5037,1,2309,2593
5038,1,2309,2594
5039,1,2309,2529
5042,1,2309,2658
5043,1,2309,2535
5045,1,2309,2732
5046,1,2309,2769
5053,1,2608,2793
5055,1,2608,2804
5059,1,2610,2660
5061,1,2610,2746
5062,1,2610,2757
5063,1,2610,2772
5064,1,2612,2753
5065,1,2613,2753
5068,1,2615,2648
5069,1,2615,2649
5071,1,2310,2615
5072,1,2310,2375
5075,1,2618,2658
5076,1,2618,2659
5077,1,2618,2661
5078,1,2618,2662
5080,1,2618,2669
5082,1,2618,2769
5084,1,2618,2849
5088,1,2311,2658
5089,1,2311,2659
5090,1,2311,2669
5091,1,2311,2746
5092,1,2311,2757
5093,1,2311,2846
5094,1,2311,2494
5095,1,2311,2495
5096,1,403,2687
5097,1,403,2765
5098,1,2621,2687
5099,1,2621,2765
5104,1,2622,2760
5106,1,2622,2775
5107,1,2622,2835
5112,1,2623,2760
5114,1,2623,2775
5115,1,2623,2835
5120,1,2624,2760
5122,1,2624,2775
5123,1,2624,2835
5132,1,2625,2760
5134,1,2625,2763
5135,1,2625,2775
5136,1,2625,2829
5137,1,2625,2830
5138,1,2625,2831
5141,1,2625,2833
5142,1,2625,2834
5143,1,2625,2872
5145,1,2314,2544
5148,1,2314,2625
5149,1,2314,2344
5150,1,2314,2665
5151,1,2314,2763
5152,1,2314,2775
5153,1,2314,2830
5154,1,2314,2835
5155,1,2314,2872
5156,1,2315,2816
5161,1,2627,2763
5162,1,2627,2775
5163,1,2627,2829
5164,1,2627,2830
5165,1,2627,2831
5166,1,2627,2832
5169,1,2627,2833
5170,1,2627,2834
5171,1,2627,2872
5173,1,2629,2631
5174,1,2629,2632
5175,1,2629,2646
5176,1,2629,2656
5178,1,2629,2657
5183,1,2629,2677
5186,1,2629,2729
5188,1,2629,2764
5189,1,2629,2766
5190,1,2629,2768
5192,1,2629,2829
5196,1,2630,2724
5202,1,2631,2634
5211,1,2316,2775
5212,1,2316,2872
5217,1,2634,2775
5218,1,2634,2872
5219,1,2317,2664
5220,1,2317,2370
5221,1,2317,2753
5222,1,2317,2766
5223,1,2317,2771
5225,1,2318,2816
5227,1,2639,2705
5228,1,2639,2747
5229,1,2639,2748
5230,1,2639,2816
5231,1,2639,2847
5232,1,2639,2849
5234,1,2639,2850
5236,1,2640,2664
5237,1,2640,2724
5239,1,2640,2764
5240,1,2640,2766
5241,1,2640,2771
5243,1,2640,2875
5245,1,2642,2719
5246,1,2642,2854
5247,1,2321,2340
5248,1,2321,2659
5249,1,2321,2351
5250,1,2321,2762
5251,1,2321,2763
5252,1,2321,2764
5253,1,2321,2765
5254,1,2321,2766
5255,1,2321,2768
5256,1,2321,2769
5257,1,2321,2770
5258,1,2321,2771
5259,1,2321,2427
5260,1,2321,2793
5261,1,2321,2794
5262,1,2321,2459
5264,1,523,2264
5266,1,523,2557
5269,1,2525,2872
5275,1,2646,2658
5279,1,2646,2677
5282,1,2646,2724
5284,1,2646,2729
5286,1,2646,2732
5287,1,2646,2762
5288,1,2646,2764
5289,1,2646,2765
5290,1,2646,2766
5291,1,2646,2768
5292,1,2646,2769
5295,1,2646,2875
5298,1,2647,2677
5300,1,2647,2679
5301,1,2647,2680
5304,1,2647,2771
5305,1,2324,2401
5306,1,2324,2427
5307,1,2325,2427
5308,1,2325,2797
5311,1,2331,2558
5312,1,2331,2603
5313,1,2331,2631
5314,1,2331,2632
5315,1,2331,2513
5325,1,2653,2672
5326,1,2653,2830
5327,1,2334,2801
5329,1,2335,2544
5332,1,2335,2653
5333,1,2335,2765
5335,1,2336,2672
5336,1,2336,2729
5337,1,2336,2735
5338,1,2336,2792
5339,1,2336,2763
5340,1,2654,2669
5341,1,2338,2765
5342,1,2338,2768
5343,1,2338,2442
5346,1,2340,2554
5348,1,2340,2555
5349,1,2340,2558
5350,1,2340,2563
5353,1,2526,2593
5354,1,2526,2594
5355,1,2526,2646
5357,1,2526,2677
5360,1,2527,2593
5361,1,2527,2594
5364,1,2528,2593
5365,1,2528,2594
5368,1,2528,2677
5370,1,2529,2593
5371,1,2529,2594
5374,1,2529,2658
5375,1,2529,2675
5377,1,2529,2732
5378,1,2529,2769
5383,1,2656,2658
5389,1,2656,2677
5392,1,2656,2724
5394,1,2656,2732
5395,1,2656,2762
5396,1,2656,2763
5397,1,2656,2764
5398,1,2656,2765
5399,1,2656,2766
5400,1,2656,2768
5401,1,2656,2769
5403,1,2656,2829
5406,1,730,2575
5407,1,730,2579
5408,1,730,2301
5409,1,730,2593
5410,1,730,2302
5411,1,730,2594
5412,1,730,2309
5413,1,730,2618
5414,1,730,2629
5415,1,730,2646
5416,1,730,2529
5417,1,730,2684
5418,1,730,2763
5419,1,730,2459
5420,1,730,2829
5421,1,730,2471
5422,1,730,2513
5425,1,2657,2658
5428,1,2657,2677
5431,1,2657,2724
5433,1,2657,2732
5434,1,2657,2762
5435,1,2657,2763
5436,1,2657,2764
5437,1,2657,2765
5438,1,2657,2766
5439,1,2657,2768
5440,1,2657,2769
5442,1,2657,2829
5446,1,2657,2875
5448,1,731,2273
5450,1,731,2563
5451,1,731,2575
5452,1,731,2579
5453,1,731,2301
5454,1,731,2593
5455,1,731,2302
5456,1,731,2594
5458,1,731,2607
5459,1,731,2309
5460,1,731,2618
5461,1,731,2629
5462,1,731,2318
5463,1,731,2639
5464,1,731,2646
5465,1,731,2336
5466,1,731,2734
5467,1,731,2763
5468,1,731,2765
5469,1,731,2469
5470,1,731,2829
5471,1,731,2471
5472,1,731,2513
5473,1,731,2865
5474,1,731,2493
5475,1,731,2866
5490,1,2658,2660
5493,1,2658,2669
5494,1,2658,2846
5496,1,732,2579
5497,1,732,2296
5498,1,732,2618
5499,1,732,2526
5500,1,732,2527
5501,1,732,2528
5502,1,732,2656
5503,1,732,2657
5504,1,732,2658
5505,1,732,2660
5506,1,732,2342
5507,1,732,2345
5508,1,732,2669
5509,1,732,2540
5510,1,732,2463
5523,1,2659,2846
5529,1,2660,2661
5530,1,2660,2662
5534,1,2660,2669
5535,1,2660,2769
5536,1,2660,2777
5538,1,2660,2846
5540,1,2341,2661
5541,1,2341,2662
5542,1,2341,2344
5543,1,2341,2346
5544,1,2341,2769
5545,1,2341,2846
5546,1,2341,2849
5547,1,2342,2575
5549,1,2342,2593
5551,1,2342,2594
5552,1,2342,2646
5553,1,2342,2656
5554,1,2342,2658
5556,1,2342,2659
5557,1,2342,2660
5558,1,2342,2661
5559,1,2342,2662
5560,1,2342,2344
5561,1,2342,2346
5562,1,2342,2669
5563,1,2342,2777
5564,1,2342,2846
5565,1,2342,2849
5575,1,2661,2675
5576,1,2661,2677
5578,1,2661,2679
5579,1,2661,2680
5583,1,2661,2721
5584,1,2661,2722
5585,1,2661,2765
5586,1,2661,2766
5587,1,2661,2767
5588,1,2661,2770
5589,1,2661,2771
5592,1,2661,2793
5593,1,2661,2794
5606,1,2662,2675
5607,1,2662,2677
5609,1,2662,2679
5610,1,2662,2680
5613,1,2662,2699
5614,1,2662,2721
5615,1,2662,2722
5616,1,2662,2762
5617,1,2662,2763
5618,1,2662,2764
5619,1,2662,2768
5620,1,2662,2777
5621,1,2662,2846
5622,1,2344,2554
5623,1,2344,2518
5624,1,2344,2565
5626,1,2344,2579
5627,1,2344,2580
5631,1,2344,2607
5632,1,2344,2618
5633,1,2344,2625
5635,1,2344,2660
5638,1,2344,2661
5639,1,2344,2345
5640,1,2344,2540
5641,1,2345,2610
5642,1,2345,2657
5644,1,2345,2659
5645,1,2345,2660
5647,1,2345,2346
5648,1,2345,2669
5649,1,2345,2769
5650,1,2345,2463
5651,1,2345,2849
5654,1,2346,2557
5655,1,2346,2518
5657,1,2346,2579
5658,1,2346,2580
5661,1,2346,2618
5662,1,2346,2660
5665,1,2346,2661
5667,1,2346,2669
5668,1,2346,2675
5669,1,2346,2677
5671,1,2346,2679
5672,1,2346,2680
5673,1,2346,2371
5674,1,2346,2372
5675,1,2346,2699
5676,1,2346,2721
5677,1,2346,2722
5678,1,2346,2762
5679,1,2346,2763
5680,1,2346,2764
5681,1,2346,2768
5682,1,2346,2777
5683,1,2346,2846
5687,1,2664,2724
5690,1,2664,2875
5693,1,2348,2541
5694,1,2349,2394
5695,1,2349,2864
5697,1,2667,2677
5700,1,2667,2724
5701,1,2667,2729
5702,1,2667,2732
5703,1,2667,2762
5704,1,2667,2763
5705,1,2667,2764
5706,1,2667,2765
5707,1,2667,2766
5708,1,2667,2768
5709,1,2667,2769
5710,1,2667,2829
5715,1,2351,2554
5717,1,2351,2555
5718,1,2351,2558
5720,1,2351,2563
5721,1,2351,2575
5723,1,2351,2593
5724,1,2351,2594
5725,1,2351,2629
5727,1,2351,2646
5728,1,2351,2656
5729,1,2351,2667
5731,1,2351,2353
5732,1,2351,2699
5733,1,2351,2535
5734,1,2351,2724
5735,1,2351,2732
5736,1,2351,2770
5737,1,2351,2771
5738,1,2351,2433
5739,1,2351,2435
5740,1,2351,2793
5741,1,2351,2794
5742,1,2351,2459
5743,1,2351,2542
5744,1,776,2301
5745,1,776,2593
5746,1,776,2594
5747,1,776,2629
5748,1,776,2646
5749,1,776,2656
5750,1,776,2351
5751,1,776,2535
5752,1,776,2505
5753,1,776,2875
5755,1,2353,2593
5756,1,2353,2594
5757,1,2353,2629
5758,1,2353,2656
5762,1,2353,2732
5763,1,2353,2762
5764,1,2353,2763
5765,1,2353,2764
5766,1,2353,2765
5767,1,2353,2766
5768,1,2353,2768
5769,1,2353,2769
5770,1,2352,2667
5780,1,2357,2481
5781,1,2357,2863
5790,1,2673,2760
5791,1,2360,2604
5792,1,2360,2673
5806,1,2675,2679
5807,1,2675,2680
5809,1,2675,2699
5812,1,2675,2732
5813,1,2675,2762
5814,1,2675,2763
5815,1,2675,2764
5816,1,2675,2769
5818,1,2675,2875
5839,1,2677,2685
5840,1,2677,2686
5841,1,2677,2687
5842,1,2677,2699
5843,1,2677,2762
5844,1,2677,2763
5845,1,2677,2764
5846,1,2677,2768
5847,1,2677,2769
5848,1,853,2553
5849,1,853,2554
5850,1,853,2518
5851,1,853,2565
5852,1,853,2285
5853,1,853,2580
5854,1,853,2295
5855,1,853,2301
5856,1,853,2593
5857,1,853,2594
5858,1,853,2629
5859,1,853,2646
5860,1,853,2647
5861,1,853,2526
5862,1,853,2529
5863,1,853,2656
5864,1,853,2657
5865,1,853,2661
5866,1,853,2662
5867,1,853,2346
5868,1,853,2667
5869,1,853,2685
5870,1,853,2686
5871,1,853,2687
5872,1,853,2762
5873,1,853,2763
5874,1,853,2764
5875,1,853,2768
5876,1,853,2769
5877,1,853,2771
5895,1,2679,2699
5896,1,2679,2762
5897,1,2679,2763
5898,1,2679,2764
5899,1,2679,2768
5900,1,2679,2769
5901,1,2679,2771
5919,1,2680,2762
5920,1,2680,2763
5921,1,2680,2764
5922,1,2680,2768
5923,1,2680,2769
5924,1,2680,2771
5928,1,2683,2854
5933,1,2684,2854
5962,1,2686,2872
5978,1,2687,2721
5979,1,2687,2722
5983,1,2694,2772
5984,1,2694,2773
5985,1,2694,2814
5986,1,2370,2583
5988,1,2370,2746
5989,1,2371,2553
5990,1,2371,2518
5995,1,2371,2523
5996,1,2371,2580
5999,1,2371,2647
6000,1,2371,2661
6001,1,2371,2662
6003,1,2371,2685
6004,1,2371,2686
6005,1,2371,2687
6006,1,2372,2553
6007,1,2372,2518
6012,1,2372,2523
6013,1,2372,2580
6016,1,2372,2647
6017,1,2372,2661
6018,1,2372,2662
6020,1,2372,2685
6021,1,2372,2686
6022,1,2372,2687
6024,1,2374,2449
6025,1,2375,2615
6027,1,2375,2468
6028,1,2375,2826
6029,1,2377,2853
6030,1,2377,2488
6031,1,2378,2853
6032,1,2378,2488
6034,1,2698,2853
6035,1,2698,2854
6037,1,2380,2553
6038,1,2380,2554
6039,1,2380,2518
6040,1,2380,2565
6042,1,2380,2580
6045,1,2380,2591
6046,1,2380,2661
6047,1,2380,2675
6048,1,2380,2685
6049,1,2380,2686
6050,1,2380,2687
6051,1,2380,2690
6052,1,2380,2699
6053,1,2380,2762
6054,1,2380,2763
6055,1,2380,2764
6056,1,2380,2768
6057,1,2380,2769
6072,1,2707,2871
6073,1,2708,2871
6076,1,2710,2729
6077,1,2535,2575
6080,1,2535,2629
6081,1,2535,2646
6082,1,2535,2656
6083,1,2535,2657
6084,1,2535,2667
6087,1,2535,2675
6088,1,2535,2729
6089,1,2389,2552
6090,1,2389,2608
6092,1,1021,2578
6100,1,2719,2785
6101,1,2719,2874
6102,1,2393,2719
6103,1,2393,2720
6104,1,2393,2401
6105,1,2393,2854
6110,1,2720,2785
6111,1,2720,2874
6113,1,2394,2743
6114,1,2394,2864
6145,1,2395,2724
6146,1,2395,2397
6147,1,2395,2764
6148,1,2395,2766
6149,1,2395,2771
6150,1,2395,2505
6151,1,2395,2875
6168,1,2724,2764
6169,1,2724,2766
6170,1,2724,2771
6172,1,2397,2583
6173,1,2397,2640
6174,1,2397,2646
6175,1,2397,2664
6177,1,2397,2764
6178,1,2397,2771
6179,1,2397,2471
6180,1,2397,2513
6183,1,2401,2719
6185,1,2401,2720
6186,1,2402,2441
6187,1,2515,2689
6188,1,2515,2691
6196,1,2406,2525
6197,1,2406,2686
6198,1,1207,2736
6199,1,1207,2737
6200,1,1207,2738
6201,1,1207,2739
6202,1,1207,2864
6203,1,1216,2302
6204,1,1216,2603
6205,1,1216,2309
6206,1,1216,2629
6207,1,1216,2646
6208,1,1216,2656
6209,1,1216,2657
6211,1,1216,2675
6212,1,1216,2762
6213,1,1216,2763
6214,1,1216,2764
6215,1,1216,2765
6216,1,1216,2766
6217,1,1216,2768
6218,1,1216,2434
6219,1,1216,2211
6236,1,2734,2765
6237,1,2734,2767
6239,1,2735,2765
6240,1,2735,2767
6253,1,2743,2864
6255,1,2414,2879
6257,1,2416,2744
6258,1,2417,2579
6259,1,2417,2618
6260,1,2418,2769
6261,1,2418,2463
6262,1,2418,2846
6263,1,2418,2849
6264,1,2418,2494
6268,1,2746,2783
6273,1,2538,2540
6280,1,2423,2854
6287,1,2760,2835
6289,1,2424,2604
6290,1,2424,2622
6291,1,2424,2623
6292,1,2424,2624
6293,1,2424,2625
6294,1,2424,2835
6295,1,2424,2480
6324,1,2762,2767
6355,1,2763,2767
6390,1,2764,2767
6418,1,2765,2767
6419,1,2765,2803
6443,1,2766,2770
6444,1,2766,2771
6448,1,2766,2793
6449,1,2766,2794
6453,1,2766,2875
6470,1,2767,2769
6471,1,2767,2770
6472,1,2767,2771
6476,1,2767,2793
6477,1,2767,2794
6478,1,2767,2803
6507,1,2768,2770
6508,1,2768,2771
6512,1,2768,2793
6513,1,2768,2794
6565,1,2770,2793
6566,1,2770,2794
6595,1,2771,2793
6596,1,2771,2794
6604,1,2774,2790
6619,1,2427,2554
6621,1,2427,2555
6623,1,2427,2557
6624,1,2427,2558
6625,1,2427,2563
6626,1,2427,2603
6630,1,2427,2661
6631,1,2427,2766
6632,1,2427,2767
6633,1,2427,2768
6634,1,2427,2770
6635,1,2427,2771
6636,1,2427,2866
6637,1,2428,2603
6638,1,2428,2435
6639,1,2428,2863
6641,1,2779,2863
6645,1,2431,2562
6654,1,2785,2829
6657,1,2785,2854
6659,1,2433,2557
6661,1,2433,2683
6662,1,2433,2684
6663,1,2433,2698
6664,1,2433,2766
6665,1,2433,2767
6666,1,2433,2768
6667,1,2433,2770
6668,1,2433,2771
6669,1,2433,2785
6670,1,2433,2435
6671,1,2433,2793
6672,1,2433,2794
6673,1,2433,2459
6674,1,2434,2529
6676,1,2434,2435
6677,1,2434,2542
6678,1,2434,2853
6679,1,2434,2488
6680,1,2434,2875
6681,1,2435,2554
6682,1,2435,2555
6683,1,2435,2558
6684,1,2435,2661
6686,1,2435,2766
6687,1,2435,2767
6688,1,2435,2768
6689,1,2435,2770
6690,1,2435,2771
6692,1,2435,2779
6695,1,2435,2442
6696,1,2435,2443
6697,1,2435,2809
6698,1,2435,2810
6699,1,2435,2876
6700,1,2787,2788
6702,1,2788,2790
6703,1,2788,2791
6704,1,2788,2792
6715,1,2438,2787
6760,1,2797,2798
6765,1,2442,2793
6766,1,2442,2794
6767,1,2442,2798
6768,1,2442,2803
6770,1,2443,2793
6773,1,2799,2846
6776,1,2540,2659
6777,1,2540,2660
6783,1,2449,2697
6784,1,2452,2608
6790,1,2804,2853
6791,1,2804,2854
6792,1,2804,2856
6802,1,2459,2554
6804,1,2459,2555
6805,1,2459,2558
6806,1,2459,2563
6810,1,2459,2766
6811,1,2459,2767
6812,1,2459,2768
6813,1,2459,2770
6814,1,2459,2771
6815,1,2459,2772
6816,1,2459,2773
6817,1,2459,2785
6819,1,2459,2793
6820,1,2459,2829
6821,1,2459,2471
6822,1,2459,2513
6823,1,2459,2494
6824,1,2459,2496
6826,1,2460,2555
6827,1,2820,2831
6828,1,2463,2618
6831,1,2463,2684
6833,1,2464,2781
6834,1,2465,2529
6835,1,2465,2480
6836,1,2465,2863
6838,1,2542,2593
6840,1,2542,2594
6842,1,2542,2629
6843,1,2542,2646
6844,1,2542,2656
6845,1,2542,2657
6847,1,2542,2675
6848,1,2542,2766
6849,1,2542,2768
6851,1,2542,2829
6855,1,2825,2842
6858,1,2468,2538
6862,1,2826,2827
6865,1,2469,2826
6884,1,2829,2832
6885,1,2829,2835
6886,1,2829,2842
6891,1,2830,2832
6892,1,2830,2835
6893,1,2830,2842
6901,1,2831,2835
6910,1,2832,2833
6911,1,2832,2834
6913,1,2471,2544
6916,1,2471,2575
6917,1,2471,2625
6918,1,2471,2627
6919,1,2471,2629
6920,1,2471,2631
6921,1,2471,2656
6923,1,2471,2657
6925,1,2471,2667
6927,1,2471,2785
6929,1,2471,2542
6930,1,2471,2832
6932,1,2513,2544
6935,1,2513,2575
6936,1,2513,2625
6937,1,2513,2627
6938,1,2513,2629
6939,1,2513,2631
6941,1,2513,2656
6943,1,2513,2657
6945,1,2513,2667
6947,1,2513,2785
6949,1,2513,2542
6950,1,2513,2832
6951,1,2513,2835
6952,1,2513,2842
6960,1,2833,2835
6961,1,2833,2842
6969,1,2834,2835
6970,1,2834,2842
6989,1,2478,2797
6992,1,2478,2798
6993,1,2478,2811
6994,1,2479,2842
6995,1,2480,2622
6996,1,2480,2623
6997,1,2480,2624
6998,1,2480,2760
7001,1,2480,2842
7002,1,2480,2865
7004,1,2481,2863
7005,1,2482,2579
7006,1,2483,2608
7007,1,2483,2793
7008,1,2483,2794
7038,1,2486,2639
7046,1,2853,2854
7047,1,2853,2856
7064,1,2488,2698
7066,1,2488,2804
7067,1,2488,2854
7068,1,2488,2856
7081,1,2864,2879
7088,1,2494,2552
7090,1,2494,2577
7091,1,2494,2580
7092,1,2494,2608
7093,1,2494,2618
7097,1,2495,2580
7098,1,2495,2608
7099,1,2495,2618
7101,1,2496,2629
7102,1,2496,2724
7104,1,2499,2592
7123,1,2503,2743
7124,1,2503,2781
7125,1,2503,2842
7126,1,2504,2542
7127,1,2504,2505
7128,1,2504,2875
7130,1,2505,2575
7131,1,2505,2582
7132,1,2505,2583
7133,1,2505,2629
7134,1,2505,2630
7135,1,2505,2640
7136,1,2505,2646
7137,1,2505,2656
7138,1,2505,2657
7139,1,2505,2658
7140,1,2505,2664
7141,1,2505,2667
7145,1,2505,2732
7146,1,2505,2766
7147,1,2505,2768
7148,1,2505,2542
7169,1,2506,2560
7172,1,2211,2271
7173,1,2211,2560
7174,1,2211,2301
7175,1,2211,2593
7176,1,2211,2594
7177,1,2211,2640
7178,1,2211,2646
7179,1,2211,2664
7180,1,2211,2395
7182,1,2211,2766
7183,1,2211,2768
7187,2,2547,2587
7188,2,2547,2620
7189,2,2547,2660
7191,2,2547,2746
7192,2,2547,2757
7193,2,2547,2772
7194,2,2266,2685
7195,2,27,2288
7196,2,27,2685
7197,2,27,2737
7198,2,27,2739
7200,2,2548,2611
7201,2,2548,2633
7202,2,2548,2733
7203,2,2268,2582
7204,2,2270,2770
7205,2,2270,2771
7206,2,2271,2587
7207,2,2271,2664
7208,2,2271,2370
7209,2,2271,2771
7211,2,2552,2619
7212,2,2552,2620
7216,2,2553,2554
7217,2,2553,2558
7218,2,2553,2563
7220,2,2553,2662
7222,2,2553,2677
7223,2,2553,2699
7224,2,2553,2762
7225,2,2553,2763
7226,2,2553,2764
7227,2,2553,2768
7228,2,2553,2769
7229,2,2277,2555
7230,2,2277,2368
7231,2,2277,2389
7232,2,2277,2483
7234,2,2554,2555
7236,2,2554,2558
7237,2,2554,2563
7238,2,2554,2565
7241,2,2554,2587
7244,2,2554,2763
7245,2,2554,2764
7246,2,2554,2768
7247,2,2554,2769
7249,2,80,81
7250,2,80,2558
7251,2,80,2563
7252,2,80,523
7253,2,80,2662
7254,2,80,2699
7255,2,80,2433
7256,2,80,2435
7259,2,2555,2558
7260,2,2555,2563
7262,2,2555,2661
7263,2,2555,2662
7264,2,2555,2699
7266,2,81,2548
7268,2,81,2874
7270,2,2557,2733
7271,2,2557,2854
7276,2,2558,2661
7277,2,2558,2662
7278,2,2558,2699
7279,2,2558,2786
7280,2,2280,2555
7282,2,2280,2558
7283,2,2280,2563
7284,2,2560,2759
7285,2,2560,2810
7286,2,2561,2761
7287,2,2518,2565
7288,2,2518,2519
7289,2,2518,2677
7295,2,2563,2662
7296,2,2563,2699
7304,2,2565,2662
7305,2,2565,2677
7306,2,2565,2699
7307,2,2565,2762
7308,2,2565,2763
7309,2,2565,2764
7310,2,2565,2768
7311,2,2565,2769
7313,2,2519,2565
7315,2,2285,2554
7316,2,2285,2519
7317,2,2285,2677
7318,2,2569,2608
7319,2,2574,2767
7320,2,2575,2629
7323,2,2575,2875
7324,2,2576,2767
7326,2,2288,2577
7327,2,2288,2730
7330,2,2577,2672
7331,2,2577,2699
7333,2,2577,2730
7336,2,2577,2736
7337,2,2577,2789
7338,2,2577,2790
7339,2,2577,2791
7340,2,2577,2792
7341,2,2522,2668
7342,2,2289,2735
7343,2,2290,2735
7344,2,2579,2619
7348,2,2294,2581
7349,2,2294,2582
7353,2,2295,2553
7354,2,2295,2565
7355,2,2296,2553
7356,2,2296,2554
7357,2,2296,2565
7359,2,2296,2662
7361,2,2296,2762
7362,2,2296,2763
7363,2,2296,2764
7364,2,2296,2768
7365,2,2296,2769
7368,2,2587,2771
7369,2,2588,2596
7370,2,2588,2737
7371,2,2588,2738
7372,2,2588,2739
7375,2,2589,2860
7376,2,2589,2861
7378,2,249,2592
7379,2,249,2340
7380,2,249,2796
7381,2,249,2797
7382,2,249,2499
7384,2,2300,2340
7385,2,2300,2684
7386,2,2300,2796
7387,2,2300,2797
7388,2,2300,2837
7389,2,2301,2302
7390,2,2301,2594
7391,2,2301,2629
7392,2,2301,2535
7393,2,2301,2724
7396,2,2593,2594
7397,2,2593,2629
7399,2,2593,2724
7402,2,2302,2593
7405,2,2594,2629
7407,2,2594,2724
7411,2,2596,2737
7412,2,2596,2738
7413,2,2596,2739
7415,2,2598,2737
7416,2,2598,2738
7417,2,2598,2739
7418,2,2599,2600
7424,2,2303,2305
7425,2,2304,2599
7426,2,2304,2600
7427,2,2305,2600
7429,2,2601,2880
7430,2,2306,2373
7431,2,2307,2373
7432,2,2603,2733
7433,2,2604,2643
7434,2,322,2528
7435,2,322,2677
7436,2,322,2678
7437,2,322,2679
7438,2,322,2680
7439,2,322,2371
7440,2,322,2372
7441,2,322,2380
7442,2,322,2722
7444,2,2607,2677
7445,2,2607,2678
7446,2,2607,2679
7447,2,2607,2680
7451,2,2607,2722
7452,2,2309,2528
7453,2,2309,2675
7454,2,2309,2677
7456,2,2309,2679
7457,2,2309,2680
7458,2,2309,2722
7462,2,2612,2614
7463,2,2613,2614
7466,2,2618,2620
7468,2,2618,2660
7470,2,2618,2846
7477,2,2311,2618
7478,2,2311,2619
7480,2,2311,2342
7481,2,2311,2772
7482,2,2311,2540
7483,2,403,2524
7484,2,403,2335
7485,2,403,2336
7490,2,2524,2621
7491,2,2524,2687
7492,2,2622,2625
7494,2,2622,2829
7495,2,2622,2830
7496,2,2622,2831
7499,2,2622,2833
7500,2,2622,2834
7501,2,2623,2625
7503,2,2623,2829
7504,2,2623,2830
7505,2,2623,2831
7508,2,2623,2833
7509,2,2623,2834
7510,2,2624,2625
7512,2,2624,2829
7513,2,2624,2830
7514,2,2624,2831
7517,2,2624,2833
7518,2,2624,2834
7521,2,2625,2835
7523,2,2314,2622
7524,2,2314,2623
7525,2,2314,2624
7526,2,2314,2717
7527,2,2314,2829
7528,2,2314,2831
7529,2,2314,2471
7530,2,2314,2513
7531,2,2314,2833
7532,2,2314,2834
7534,2,2627,2665
7535,2,2627,2835
7541,2,2629,2659
7542,2,2629,2724
7543,2,2631,2632
7545,2,2632,2634
7547,2,2633,2634
7550,2,2318,2747
7551,2,2318,2748
7552,2,2318,2847
7553,2,2318,2849
7554,2,2318,2486
7555,2,2318,2850
7557,2,503,2273
7558,2,503,2639
7559,2,2640,2641
7560,2,2640,2642
7566,2,2321,2661
7567,2,2321,2662
7568,2,2321,2699
7569,2,2321,2433
7570,2,523,2554
7572,2,523,2555
7573,2,523,2558
7574,2,523,2563
7576,2,2646,2656
7577,2,2646,2657
7578,2,2646,2763
7579,2,2324,2642
7580,2,2325,2779
7581,2,2325,2443
7582,2,2325,2798
7583,2,2648,2726
7584,2,2649,2726
7585,2,2652,2804
7586,2,2653,2804
7588,2,2335,2621
7590,2,2336,2621
7591,2,2336,2765
7592,2,2338,2443
7593,2,2339,2779
7596,2,2526,2575
7597,2,2526,2629
7599,2,2528,2607
7601,2,2529,2542
7605,2,2656,2729
7606,2,730,2656
7608,2,730,2729
7609,2,730,2495
7610,2,730,2496
7613,2,731,2565
7614,2,731,2296
7615,2,731,2656
7617,2,731,2657
7618,2,2658,2661
7619,2,2658,2662
7624,2,2658,2732
7626,2,2658,2849
7627,2,2658,2875
7628,2,732,2311
7629,2,732,2341
7630,2,732,2661
7631,2,732,2662
7632,2,732,2346
7633,2,732,2769
7634,2,732,2777
7635,2,732,2846
7637,2,2659,2660
7643,2,2341,2659
7644,2,2341,2342
7645,2,2341,2345
7646,2,2341,2540
7647,2,2342,2579
7655,2,2661,2762
7656,2,2661,2763
7657,2,2661,2764
7658,2,2661,2768
7671,2,2662,2849
7672,2,2344,2553
7673,2,2344,2658
7674,2,2344,2769
7675,2,2344,2777
7676,2,2344,2846
7677,2,2345,2579
7678,2,2345,2618
7679,2,2345,2660
7680,2,2345,2846
7681,2,2346,2658
7683,2,2346,2380
7684,2,2346,2769
7687,2,2664,2766
7689,2,2348,2557
7690,2,2348,2669
7691,2,2348,2394
7692,2,2348,2771
7693,2,2351,2763
7694,2,2351,2764
7695,2,2351,2765
7696,2,2351,2767
7697,2,2351,2769
7698,2,776,2575
7699,2,776,2542
7703,2,2669,2670
7704,2,2669,2771
7705,2,2669,2806
7706,2,2356,2669
7709,2,2672,2699
7711,2,2672,2787
7712,2,2672,2790
7713,2,2672,2785
7714,2,2672,2792
7716,2,2514,2599
7719,2,2675,2768
7731,2,2677,2721
7732,2,853,2296
7734,2,853,2607
7735,2,853,2309
7736,2,853,2675
7737,2,853,2677
7738,2,853,2679
7739,2,853,2680
7740,2,853,2380
7746,2,2679,2721
7752,2,2680,2721
7753,2,2683,2684
7754,2,2683,2856
7757,2,2684,2856
7760,2,2686,2687
7764,2,2689,2690
7766,2,2690,2691
7768,2,2532,2772
7769,2,2532,2773
7770,2,2532,2814
7773,2,2368,2772
7774,2,2368,2773
7775,2,2368,2814
7776,2,2369,2772
7777,2,2369,2773
7778,2,2369,2814
7784,2,2371,2607
7785,2,2371,2677
7788,2,2372,2607
7789,2,2372,2677
7793,2,2373,2719
7794,2,2373,2720
7795,2,2698,2793
7797,2,2698,2856
7799,2,2380,2607
7800,2,2380,2662
7802,2,2380,2677
7804,2,2380,2679
7805,2,2380,2680
7816,2,2699,2736
7817,2,2699,2787
7818,2,2699,2790
7819,2,2699,2791
7820,2,2699,2792
7822,2,967,2577
7823,2,967,2672
7824,2,967,2412
7825,2,967,2736
7826,2,967,2787
7827,2,967,2880
7828,2,967,2791
7829,2,967,2792
7830,2,967,2438
7831,2,2384,2707
7832,2,2384,2708
7836,2,2535,2593
7837,2,2535,2594
7838,2,2535,2658
7839,2,2388,2552
7840,2,2388,2620
7841,2,2388,2389
7844,2,2714,2715
7846,2,1021,2589
7847,2,1021,2590
7850,2,2719,2854
7852,2,2720,2854
7854,2,2394,2503
7868,2,2724,2875
7869,2,2397,2766
7870,2,2397,2505
7871,2,2397,2875
7874,2,2401,2640
7875,2,2401,2642
7877,2,2536,2783
7882,2,2730,2809
7883,2,1207,2288
7884,2,1207,2577
7885,2,1216,2301
7886,2,1216,2593
7887,2,1216,2594
7888,2,1216,2658
7889,2,1216,2732
7890,2,1216,2282
7891,2,1216,2505
7892,2,1216,2875
7895,2,2732,2769
7900,2,2733,2854
7902,2,2412,2577
7903,2,2412,2672
7904,2,2412,2699
7906,2,2412,2737
7907,2,2412,2738
7908,2,2412,2739
7914,2,2736,2737
7915,2,2736,2738
7916,2,2736,2739
7934,2,2414,2864
7936,2,2418,2540
7939,2,2747,2847
7940,2,2747,2849
7941,2,2747,2850
7943,2,2748,2816
7944,2,2748,2847
7945,2,2748,2849
7946,2,2748,2850
7947,2,2753,2820
7948,2,2753,2821
7949,2,2753,2822
7959,2,2762,2765
7960,2,2762,2766
7968,2,2763,2765
7969,2,2763,2766
7976,2,2764,2765
7977,2,2764,2766
7983,2,2765,2766
7984,2,2765,2768
7985,2,2765,2769
7994,2,2766,2767
7995,2,2766,2769
8000,2,2767,2768
8039,2,2774,2787
8040,2,2774,2841
8041,2,2776,2795
8044,2,2777,2846
8045,2,2777,2849
8046,2,2427,2779
8051,2,2429,2430
8054,2,2433,2554
8056,2,2433,2555
8057,2,2433,2558
8058,2,2433,2563
8060,2,2433,2661
8062,2,2435,2781
8077,2,2438,2672
8078,2,2438,2699
8082,2,2795,2796
8090,2,2442,2797
8091,2,2442,2443
8094,2,2443,2794
8095,2,2443,2797
8097,2,2443,2798
8098,2,2443,2803
8101,2,2540,2579
8104,2,2540,2686
8107,2,2452,2698
8109,2,2453,2804
8112,2,2809,2812
8114,2,2810,2811
8115,2,2811,2812
8123,2,2459,2745
8124,2,2460,2850
8128,2,2463,2753
8129,2,2463,2820
8131,2,2542,2658
8133,2,2542,2732
8138,2,2829,2831
8139,2,2829,2833
8143,2,2830,2831
8144,2,2830,2833
8153,2,2831,2834
8154,2,2471,2622
8155,2,2471,2623
8156,2,2471,2624
8158,2,2471,2831
8159,2,2513,2622
8160,2,2513,2623
8161,2,2513,2624
8163,2,2513,2831
8164,2,2513,2833
8172,2,2833,2834
8181,2,2835,2842
8187,2,2478,2560
8188,2,2479,2560
8190,2,2480,2625
8199,2,2846,2849
8223,2,2490,2589
8227,2,2493,2734
8230,2,2869,2870
8235,2,2500,2872
8238,2,2505,2594
8239,2,2505,2724
8242,2,2505,2875
8250,2,2233,2325
8252,3,2261,2544
8253,3,2261,2262
8254,3,2261,2263
8259,3,2262,2544
8260,3,2262,2263
8262,3,2263,2544
8264,3,23,2264
8266,3,2265,2545
8267,3,2265,2546
8269,3,2545,2546
8273,3,27,2266
8274,3,2270,2271
8276,3,2273,2638
8277,3,2273,2639
8278,3,2553,2566
8281,3,2277,2579
8282,3,2554,2662
8283,3,2554,2699
8284,3,80,2555
8286,3,81,2557
8287,3,81,2633
8289,3,2557,2633
8290,3,2280,2554
8292,3,2559,2693
8294,3,2563,2675
8297,3,2285,2553
8298,3,2285,2518
8299,3,2285,2565
8301,3,2520,2567
8302,3,2574,2575
8303,3,2574,2576
8309,3,2289,2290
8310,3,2289,2523
8312,3,2290,2523
8317,3,2581,2582
8319,3,2295,2296
8320,3,2295,2677
8322,3,2587,2588
8324,3,2589,2590
8326,3,249,2300
8329,3,2300,2592
8330,3,2301,2593
8332,3,2596,2598
8335,3,2303,2599
8336,3,2304,2305
8338,3,2305,2514
8342,3,2306,2602
8343,3,2306,2307
8344,3,2307,2602
8346,3,322,2607
8347,3,322,2309
8348,3,322,2721
8352,3,2309,2607
8353,3,2309,2721
8354,3,2612,2613
8356,3,2615,2616
8358,3,2618,2619
8359,3,2618,2620
8363,3,2619,2620
8366,3,2311,2620
8367,3,2311,2660
8368,3,2311,2345
8369,3,2622,2623
8370,3,2622,2624
8373,3,2623,2625
8379,3,2630,2631
8380,3,2630,2632
8383,3,2316,2633
8384,3,2316,2634
8390,3,2318,2638
8391,3,2318,2639
8395,3,2638,2639
8400,3,503,2318
8401,3,503,2638
8402,3,2641,2642
8404,3,2321,2562
8406,3,523,2321
8407,3,2645,2698
8408,3,2645,2779
8411,3,2325,2442
8412,3,2648,2649
8414,3,2652,2653
8415,3,2652,2813
8417,3,2653,2813
8418,3,2335,2336
8420,3,2338,2753
8421,3,2338,2803
8422,3,2526,2527
8423,3,2526,2528
8425,3,2527,2528
8428,3,2656,2657
8429,3,730,2657
8432,3,2658,2769
8433,3,732,2344
8436,3,2341,2660
8437,3,2342,2618
8438,3,2342,2629
8439,3,2661,2662
8445,3,2344,2662
8446,3,2344,2346
8447,3,2344,2849
8448,3,2345,2547
8450,3,2345,2540
8451,3,2346,2662
8454,3,2664,2771
8455,3,2349,2667
8456,3,2349,2743
8461,3,2351,2766
8462,3,2351,2768
8463,3,776,2667
8464,3,776,2353
8465,3,2353,2575
8466,3,2353,2667
8469,3,2356,2670
8470,3,2356,2806
8472,3,2670,2806
8473,3,2364,2514
8479,3,2677,2679
8480,3,2677,2680
8482,3,2679,2680
8489,3,2685,2686
8490,3,2685,2687
8493,3,2689,2691
8498,3,2532,2694
8499,3,2368,2532
8500,3,2368,2369
8501,3,2369,2532
8504,3,2370,2664
8505,3,2371,2679
8506,3,2371,2680
8507,3,2371,2372
8508,3,2372,2679
8509,3,2372,2680
8511,3,2373,2602
8513,3,2374,2697
8514,3,2377,2378
8519,3,967,2699
8520,3,2700,2701
8523,3,2534,2702
8524,3,2707,2708
8528,3,2535,2710
8529,3,2719,2720
8534,3,2721,2722
8537,3,2397,2629
8538,3,2397,2724
8540,3,1207,2731
8541,3,1216,2542
8542,3,2734,2735
8543,3,2412,2736
8546,3,2737,2738
8547,3,2737,2739
8549,3,2738,2739
8553,3,2747,2748
8554,3,2747,2816
8556,3,2421,2841
8558,3,2755,2757
8562,3,2762,2763
8563,3,2762,2764
8564,3,2762,2768
8565,3,2762,2769
8567,3,2763,2764
8568,3,2763,2768
8569,3,2763,2769
8572,3,2764,2768
8573,3,2764,2769
8576,3,2766,2768
8582,3,2768,2769
8588,3,2770,2771
8592,3,2772,2773
8593,3,2772,2814
8595,3,2773,2814
8596,3,2427,2428
8598,3,2428,2779
8601,3,2787,2789
8602,3,2787,2790
8603,3,2787,2791
8604,3,2787,2792
8607,3,2789,2790
8608,3,2789,2791
8609,3,2789,2792
8613,3,2790,2791
8614,3,2790,2792
8619,3,2791,2792
8626,3,2438,2787
8627,3,2438,2789
8628,3,2438,2790
8629,3,2438,2791
8630,3,2438,2792
8631,3,2793,2794
8633,3,2441,2795
8634,3,2441,2796
8638,3,2442,2709
8639,3,2444,2799
8641,3,2540,2618
8644,3,2449,2450
8646,3,2452,2804
8647,3,2452,2453
8654,3,2806,2807
8655,3,2806,2808
8657,3,2807,2808
8660,3,2809,2810
8661,3,2809,2811
8671,3,2541,2814
8673,3,2818,2853
8675,3,2461,2819
8676,3,2820,2821
8678,3,2463,2821
8679,3,2823,2876
8680,3,2466,2637
8681,3,2542,2575
8682,3,2542,2667
8684,3,2468,2826
8685,3,2468,2469
8686,3,2468,2827
8688,3,2469,2827
8691,3,2829,2830
8694,3,2829,2834
8702,3,2830,2834
8703,3,2831,2832
8704,3,2831,2833
8706,3,2832,2835
8707,3,2471,2646
8708,3,2471,2829
8709,3,2471,2830
8710,3,2471,2513
8711,3,2513,2646
8712,3,2513,2829
8713,3,2513,2830
8715,3,2513,2834
8721,3,2839,2840
8724,3,2847,2849
8726,3,2847,2850
8731,3,2849,2850
8732,3,2486,2847
8733,3,2486,2849
8734,3,2486,2850
8740,3,2854,2856
8742,3,2488,2853
8743,3,2857,2859
8745,3,2490,2860
8746,3,2490,2861
8748,3,2860,2861
8752,3,2865,2866
8753,3,2493,2865
8754,3,2493,2866
8757,3,2494,2699
8758,3,2494,2496
8759,3,2495,2579
8761,3,2867,2868
8763,3,2869,2871
8767,3,2503,2876
